<?xml version="1.0" encoding="UTF-8"?>
<daemon>
  <id>start-api</id>
  <mainClass>net.ddex.ern.initializer.EmbeddedJetty</mainClass>
  <classpath>
    <dependencies>
      <dependency>
        <groupId>net.ddex</groupId>
        <artifactId>ddex-message-validator-api</artifactId>
        <version>1.0-SNAPSHOT</version>
        <relativePath>net/ddex/ddex-message-validator-api/1.0-SNAPSHOT/ddex-message-validator-api-1.0-SNAPSHOT.jar</relativePath>
      </dependency>
      <dependency>
        <groupId>org.codehaus.mojo.appassembler</groupId>
        <artifactId>appassembler-booter</artifactId>
        <version>1.10</version>
        <relativePath>org/codehaus/mojo/appassembler/appassembler-booter/1.10/appassembler-booter-1.10.jar</relativePath>
      </dependency>
      <dependency>
        <groupId>org.codehaus.mojo.appassembler</groupId>
        <artifactId>appassembler-model</artifactId>
        <version>1.10</version>
        <relativePath>org/codehaus/mojo/appassembler/appassembler-model/1.10/appassembler-model-1.10.jar</relativePath>
      </dependency>
      <dependency>
        <groupId>org.codehaus.plexus</groupId>
        <artifactId>plexus-utils</artifactId>
        <version>3.0.20</version>
        <relativePath>org/codehaus/plexus/plexus-utils/3.0.20/plexus-utils-3.0.20.jar</relativePath>
      </dependency>
      <dependency>
        <groupId>net.java.dev.stax-utils</groupId>
        <artifactId>stax-utils</artifactId>
        <version>20060502</version>
        <relativePath>net/java/dev/stax-utils/stax-utils/20060502/stax-utils-20060502.jar</relativePath>
      </dependency>
      <dependency>
        <groupId>stax</groupId>
        <artifactId>stax</artifactId>
        <version>1.1.1-dev</version>
        <relativePath>stax/stax/1.1.1-dev/stax-1.1.1-dev.jar</relativePath>
      </dependency>
      <dependency>
        <groupId>stax</groupId>
        <artifactId>stax-api</artifactId>
        <version>1.0.1</version>
        <relativePath>stax/stax-api/1.0.1/stax-api-1.0.1.jar</relativePath>
      </dependency>
      <dependency>
        <groupId>org.springframework</groupId>
        <artifactId>spring-webmvc</artifactId>
        <version>4.3.7.RELEASE</version>
        <relativePath>org/springframework/spring-webmvc/4.3.7.RELEASE/spring-webmvc-4.3.7.RELEASE.jar</relativePath>
      </dependency>
      <dependency>
        <groupId>org.springframework</groupId>
        <artifactId>spring-aop</artifactId>
        <version>4.3.7.RELEASE</version>
        <relativePath>org/springframework/spring-aop/4.3.7.RELEASE/spring-aop-4.3.7.RELEASE.jar</relativePath>
      </dependency>
      <dependency>
        <groupId>org.springframework</groupId>
        <artifactId>spring-beans</artifactId>
        <version>4.3.7.RELEASE</version>
        <relativePath>org/springframework/spring-beans/4.3.7.RELEASE/spring-beans-4.3.7.RELEASE.jar</relativePath>
      </dependency>
      <dependency>
        <groupId>org.springframework</groupId>
        <artifactId>spring-context</artifactId>
        <version>4.3.7.RELEASE</version>
        <relativePath>org/springframework/spring-context/4.3.7.RELEASE/spring-context-4.3.7.RELEASE.jar</relativePath>
      </dependency>
      <dependency>
        <groupId>org.springframework</groupId>
        <artifactId>spring-core</artifactId>
        <version>4.3.7.RELEASE</version>
        <relativePath>org/springframework/spring-core/4.3.7.RELEASE/spring-core-4.3.7.RELEASE.jar</relativePath>
      </dependency>
      <dependency>
        <groupId>commons-logging</groupId>
        <artifactId>commons-logging</artifactId>
        <version>1.2</version>
        <relativePath>commons-logging/commons-logging/1.2/commons-logging-1.2.jar</relativePath>
      </dependency>
      <dependency>
        <groupId>org.springframework</groupId>
        <artifactId>spring-expression</artifactId>
        <version>4.3.7.RELEASE</version>
        <relativePath>org/springframework/spring-expression/4.3.7.RELEASE/spring-expression-4.3.7.RELEASE.jar</relativePath>
      </dependency>
      <dependency>
        <groupId>org.springframework</groupId>
        <artifactId>spring-web</artifactId>
        <version>4.3.7.RELEASE</version>
        <relativePath>org/springframework/spring-web/4.3.7.RELEASE/spring-web-4.3.7.RELEASE.jar</relativePath>
      </dependency>
      <dependency>
        <groupId>org.eclipse.jetty</groupId>
        <artifactId>jetty-servlets</artifactId>
        <version>9.4.19.v20190610</version>
        <relativePath>org/eclipse/jetty/jetty-servlets/9.4.19.v20190610/jetty-servlets-9.4.19.v20190610.jar</relativePath>
      </dependency>
      <dependency>
        <groupId>org.eclipse.jetty</groupId>
        <artifactId>jetty-continuation</artifactId>
        <version>9.4.19.v20190610</version>
        <relativePath>org/eclipse/jetty/jetty-continuation/9.4.19.v20190610/jetty-continuation-9.4.19.v20190610.jar</relativePath>
      </dependency>
      <dependency>
        <groupId>org.eclipse.jetty</groupId>
        <artifactId>jetty-server</artifactId>
        <version>9.4.19.v20190610</version>
        <relativePath>org/eclipse/jetty/jetty-server/9.4.19.v20190610/jetty-server-9.4.19.v20190610.jar</relativePath>
      </dependency>
      <dependency>
        <groupId>javax.servlet</groupId>
        <artifactId>javax.servlet-api</artifactId>
        <version>3.1.0</version>
        <relativePath>javax/servlet/javax.servlet-api/3.1.0/javax.servlet-api-3.1.0.jar</relativePath>
      </dependency>
      <dependency>
        <groupId>commons-fileupload</groupId>
        <artifactId>commons-fileupload</artifactId>
        <version>1.4</version>
        <relativePath>commons-fileupload/commons-fileupload/1.4/commons-fileupload-1.4.jar</relativePath>
      </dependency>
      <dependency>
        <groupId>commons-io</groupId>
        <artifactId>commons-io</artifactId>
        <version>2.2</version>
        <relativePath>commons-io/commons-io/2.2/commons-io-2.2.jar</relativePath>
      </dependency>
      <dependency>
        <groupId>org.eclipse.jetty</groupId>
        <artifactId>jetty-http</artifactId>
        <version>9.4.19.v20190610</version>
        <relativePath>org/eclipse/jetty/jetty-http/9.4.19.v20190610/jetty-http-9.4.19.v20190610.jar</relativePath>
      </dependency>
      <dependency>
        <groupId>org.eclipse.jetty</groupId>
        <artifactId>jetty-util</artifactId>
        <version>9.4.19.v20190610</version>
        <relativePath>org/eclipse/jetty/jetty-util/9.4.19.v20190610/jetty-util-9.4.19.v20190610.jar</relativePath>
      </dependency>
      <dependency>
        <groupId>org.eclipse.jetty</groupId>
        <artifactId>jetty-io</artifactId>
        <version>9.4.19.v20190610</version>
        <relativePath>org/eclipse/jetty/jetty-io/9.4.19.v20190610/jetty-io-9.4.19.v20190610.jar</relativePath>
      </dependency>
      <dependency>
        <groupId>ch.qos.logback</groupId>
        <artifactId>logback-classic</artifactId>
        <version>1.1.7</version>
        <relativePath>ch/qos/logback/logback-classic/1.1.7/logback-classic-1.1.7.jar</relativePath>
      </dependency>
      <dependency>
        <groupId>ch.qos.logback</groupId>
        <artifactId>logback-core</artifactId>
        <version>1.1.7</version>
        <relativePath>ch/qos/logback/logback-core/1.1.7/logback-core-1.1.7.jar</relativePath>
      </dependency>
      <dependency>
        <groupId>org.slf4j</groupId>
        <artifactId>slf4j-api</artifactId>
        <version>1.7.20</version>
        <relativePath>org/slf4j/slf4j-api/1.7.20/slf4j-api-1.7.20.jar</relativePath>
      </dependency>
      <dependency>
        <groupId>org.slf4j</groupId>
        <artifactId>jcl-over-slf4j</artifactId>
        <version>1.7.21</version>
        <relativePath>org/slf4j/jcl-over-slf4j/1.7.21/jcl-over-slf4j-1.7.21.jar</relativePath>
      </dependency>
      <dependency>
        <groupId>com.fasterxml.jackson.core</groupId>
        <artifactId>jackson-core</artifactId>
        <version>2.11.0</version>
        <relativePath>com/fasterxml/jackson/core/jackson-core/2.11.0/jackson-core-2.11.0.jar</relativePath>
      </dependency>
      <dependency>
        <groupId>javax.servlet</groupId>
        <artifactId>jstl</artifactId>
        <version>1.2</version>
        <relativePath>javax/servlet/jstl/1.2/jstl-1.2.jar</relativePath>
      </dependency>
      <dependency>
        <groupId>com.fasterxml.jackson.core</groupId>
        <artifactId>jackson-databind</artifactId>
        <version>2.11.2</version>
        <relativePath>com/fasterxml/jackson/core/jackson-databind/2.11.2/jackson-databind-2.11.2.jar</relativePath>
      </dependency>
      <dependency>
        <groupId>com.fasterxml.jackson.core</groupId>
        <artifactId>jackson-annotations</artifactId>
        <version>2.11.2</version>
        <relativePath>com/fasterxml/jackson/core/jackson-annotations/2.11.2/jackson-annotations-2.11.2.jar</relativePath>
      </dependency>
      <dependency>
        <groupId>net.sf.saxon</groupId>
        <artifactId>Saxon-HE</artifactId>
        <version>9.7.0-15</version>
        <relativePath>net/sf/saxon/Saxon-HE/9.7.0-15/Saxon-HE-9.7.0-15.jar</relativePath>
      </dependency>
      <dependency>
        <groupId>org.eclipse.jetty</groupId>
        <artifactId>jetty-servlet</artifactId>
        <version>9.4.12.v20180830</version>
        <relativePath>org/eclipse/jetty/jetty-servlet/9.4.12.v20180830/jetty-servlet-9.4.12.v20180830.jar</relativePath>
      </dependency>
      <dependency>
        <groupId>org.eclipse.jetty</groupId>
        <artifactId>jetty-security</artifactId>
        <version>9.4.12.v20180830</version>
        <relativePath>org/eclipse/jetty/jetty-security/9.4.12.v20180830/jetty-security-9.4.12.v20180830.jar</relativePath>
      </dependency>
    </dependencies>
  </classpath>
  <configurationDirectory>etc</configurationDirectory>
  <repositoryName>lib</repositoryName>
</daemon>
